{
	"credit": "Made by Falanta Fantomo with Blockbench",
	"textures": {
		"main": "item/fhat"
	},
	"elements": [
		{
			"from": [4, 4, 4],
			"to": [12, 12, 12],
			"faces": {
				"north": {"uv": [0, 8, 8, 16], "texture": "#main"},
				"east": {"uv": [0, 8, 8, 16], "texture": "#main"},
				"south": {"uv": [0, 8, 8, 16], "texture": "#main"},
				"west": {"uv": [0, 8, 8, 16], "texture": "#main"},
				"up": {"uv": [0, 0, 8, 8], "texture": "#main"}
			}
		},
		{
			"from": [3.5, 3.5, 3.5],
			"to": [12.5, 12.5, 12.5],
			"faces": {
				"north": {"uv": [8, 0, 16, 8], "texture": "#main"},
				"east": {"uv": [8, 0, 16, 8], "texture": "#main"},
				"south": {"uv": [8, 0, 16, 8], "texture": "#main"},
				"west": {"uv": [8, 0, 16, 8], "texture": "#main"}
			}
		},
		{
			"from": [4, 12, 4],
			"to": [12, 4, 12],
			"rotation": {"angle": 0, "axis": "y", "origin": [0, 8, 0]},
			"faces": {
				"north": {"uv": [8, 16, 16, 8], "texture": "#main"},
				"east": {"uv": [8, 16, 16, 8], "texture": "#main"},
				"south": {"uv": [8, 16, 16, 8], "texture": "#main"},
				"west": {"uv": [8, 16, 16, 8], "texture": "#main"},
				"down": {"uv": [0, 8, 8, 0], "texture": "#main"}
			}
		}
	],
	"display": {
		"firstperson_righthand": {
			"rotation": [-5, 5, 5]
		},
		"firstperson_lefthand": {
			"rotation": [-5, 5, 5]
		},
		"ground": {
			"scale": [0.25, 0.25, 0.25]
		},
		"gui": {
			"rotation": [20, 135, 0],
			"translation": [0, -1.5, 0]
		},
		"head": {
			"scale": [1.61, 1.61, 1.61]
		},
		"fixed": {
			"rotation": [-90, 0, 0],
			"translation": [0, 0, -2.25],
			"scale": [2, 2, 2]
		}
	}
}